ID,Name
1,Patricia Carney
2,Michael Reagan
3,Robert Harris
4,Michelle Benjamin
5,Dan Claus
6,Joseph Maurin
7,Amanda Rodgers
8,Alberta Flores
9,Douglas Noland
10,Mildred Foutch
11,Linda Taylor
12,Ronald Hodge
13,Lester Aponte
14,Connie Mcelroy
15,Gregory Jamon
16,Brent Flanders
17,Anna Lien
18,Donald Myers
19,Frederick Tu
20,Michael Altieri
21,Jerrod Thomas
22,Elizabeth Bohn
23,Linda Britcher
24,Pete Obradovich
25,Sean Causey
26,Patrick Yasso
27,Edna Rockwell
28,Jean Miller
29,Tommy Rhyner
30,Bennie Baron
31,Wendi Buck
32,Regina Lovett
33,Rose Guidry
34,Alex Zimmerman
35,Ida Uelmen
36,Leo Russell
37,Nicholas Desimone
38,Lida Johnson
39,Jose Smith
40,Anna Gruber
41,Isaac Schultz
42,Edgar Browder
43,Alice Trahan
44,Jose Tratar
45,Timothy Bulle
46,Daniel Whipple
47,Eunice Kato
48,Geraldine Chipman
49,Teena Hanson
50,Joseph Nichols
51,Allen Jones
52,Clarence Golden
53,Joseph Judd
54,Ida Kase
55,Christopher Cueto
56,Beulah Brooks
57,Freeman Mcbrayer
58,Joseph Landrum
59,Jesse Peterson
60,Dolores Vang
61,Craig Sanchez
62,Veola Fisher
63,Gary Clark
64,William Lee
65,Carolyn Corley
66,Ricky Hollar
67,Melissa Hruby
68,Amelia Cadena
69,David Williams
70,Sheri Jacobs
71,Brenda Salazar
72,Francis Felix
73,Mary Valle
74,Genevieve Myers
75,Sarah Contreras
76,Adele Rosmarin
77,Rita Cantella
78,William Gigliotti
79,Shirley Salyer
80,Leona Johnson
81,Jennifer Gonzalez
82,Adrian Torres
83,James Campos
84,Robert Pai
85,Daniel Mccoun
86,Sarah Correll
87,Ruby Cadenas
88,William Johnston
89,Charles Medina
90,James Borden
91,Rhett Klingel
92,Jason Suh
93,Isaac Perron
94,King Houser
95,Benjamin Auxier
96,Julia Meyer
97,Denise Price
98,Nicole Grande
99,Mildred Pannell
100,Mellissa Allen
101,Hazel Gupta
102,Andrew Woodard
103,Peggy Frame
104,Nellie Noel
105,Fannie Kendall
106,Linda Raynor
107,Stephanie Smith
108,Bridgett Peterson
109,Sara Barker
110,Susan Lucero
111,Tracy Gordon
112,Daniel Washington
113,Patricia Andrews
114,Randy Holt
115,James Palma
116,Benjamin Archer
117,Kevin Seibert
118,Christina Baird
119,Albert Kennell
120,Thaddeus Hoy
121,Daniel Sample
122,John Atherton
123,Amy Benjamin
124,James Pherson
125,Georgia Ayala
126,Joyce Lawson
127,Paul Franco
128,Lise Rogers
129,Angela Robbins
130,Bobbie Paulson
131,Valerie Cooke
132,James Nguyen
133,Robert Ainsworth
134,Tina Soliz
135,Ezra Thompson
136,Peter Welch
137,James Prindle
138,Robert Vasques
139,Dorothy Dunlap
140,Donald Covington
141,Sarah Pagan
142,Sean Berthold
143,Patricia Dumlao
144,Marc Piper
145,Jose Hallam
146,Samuel Nooner
147,William Wallace
148,Lon Lopez
149,Eunice Tart
150,Franklin Welsh
151,Katie Rice
152,Dorothy Moore
153,John Grey
154,Robert Aubry
155,Joseph Williams
156,Crystal Brooks
157,Harold Bell
158,John Townsend
159,Christine Marks
160,Stephen Lara
161,Richard Smudrick
162,Karen Carney
163,Michael Patterson
164,Margaret Dorn
165,Christopher Vargas
166,Dominique Ayers
167,Peggy Anderson
168,Preston Watkins
169,Henry Campbell
170,Tammy Dyches
171,Francine Higgins
172,Mark Neault
173,Leroy Nunez
174,Michael Sherman
175,Gloria Montero
176,Christopher Whitmer
177,Moses Carr
178,Timothy Manning
179,Calvin Babonis
180,Allan Lagrimas
181,Pete Carden
182,Teresa Johnston
183,Catherine Ratliff
184,James Lee
185,Harley Belton
186,Tracy Roekle
187,Charla Lane
188,Elke Wade
189,Mark Bowman
190,Damon Landor
191,Arlene Matthews
192,Arthur Gagnon
193,Edwin Schuman
194,Thomas Litke
195,Tamika Washburn
196,Darrell Robare
197,Edwin Jackson
198,Carol Anderson
199,Bryan Espinoza
200,Katie Kirk
